TOOL,ERR,key,chrom,pos,ref,alt,prob,label
SeqQC-Former,FP,1:161525667:G:A,1,161525667,G,A,0.999755,0
SeqQC-Former,FP,15:45676110:C:T,15,45676110,C,T,0.999738,0
SeqQC-Former,FP,7:93484003:G:A,7,93484003,G,A,0.999732,0
SeqQC-Former,FP,14:24188757:G:T,14,24188757,G,T,0.999705,0
SeqQC-Former,FP,6:130956034:C:G,6,130956034,C,G,0.999684,0
SeqQC-Former,FP,11:71538376:C:G,11,71538376,C,G,0.999612,0
SeqQC-Former,FP,7:80661147:C:T,7,80661147,C,T,0.999599,0
SeqQC-Former,FP,21:37197669:C:G,21,37197669,C,G,0.999568,0
SeqQC-Former,FP,9:114300084:G:T,9,114300084,G,T,0.999564,0
SeqQC-Former,FP,12:109222538:C:T,12,109222538,C,T,0.999556,0
SeqQC-Former,FP,5:79033340:G:T,5,79033340,G,T,0.99955,0
SeqQC-Former,FP,5:23522385:C:T,5,23522385,C,T,0.999527,0
SeqQC-Former,FP,20:5772952:C:T,20,5772952,C,T,0.999525,0
SeqQC-Former,FP,1:158356015:A:G,1,158356015,A,G,0.999473,0
SeqQC-Former,FP,8:28717126:G:A,8,28717126,G,A,0.999442,0
SeqQC-Former,FP,2:17931051:G:A,2,17931051,G,A,0.999409,0
SeqQC-Former,FP,4:119292530:CT:-,4,119292530,CT,-,0.9994,0
SeqQC-Former,FP,17:7675088:C:T,17,7675088,C,T,0.999361,0
SeqQC-Former,FP,19:19645888:C:T,19,19645888,C,T,0.999359,0
SeqQC-Former,FP,19:40622479:G:A,19,40622479,G,A,0.999301,0
SeqQC-Former,FN,5:144002612:C:A,5,144002612,C,A,1e-06,1
SeqQC-Former,FN,1:52148895:TCCCAAAGTGCTGGGATTA:T,1,52148895,TCCCAAAGTGCTGGGATTA,T,1e-06,1
SeqQC-Former,FN,1:52783435:AGAAAATAATTATCTAACATATACATGAAGG:A,1,52783435,AGAAAATAATTATCTAACATATACATGAAGG,A,1e-06,1
SeqQC-Former,FN,18:14073976:GGGACAAGCCAGAAGATTTTTCACTTTCATCT:G,18,14073976,GGGACAAGCCAGAAGATTTTTCACTTTCATCT,G,1e-06,1
SeqQC-Former,FN,1:57518537:GGTGCAATAAAGAATCTGATTCCTTTTTTTCAT:G,1,57518537,GGTGCAATAAAGAATCTGATTCCTTTTTTTCAT,G,1e-06,1
SeqQC-Former,FN,12:132261592:G:A,12,132261592,G,A,1e-06,1
SeqQC-Former,FN,1:61004159:CT:C,1,61004159,CT,C,1e-06,1
SeqQC-Former,FN,1:48879196:T:TA,1,48879196,T,TA,1e-06,1
SeqQC-Former,FN,14:83058086:G:A,14,83058086,G,A,1e-06,1
SeqQC-Former,FN,4:2896872:C:G,4,2896872,C,G,1e-06,1
SeqQC-Former,FN,5:121343884:G:A,5,121343884,G,A,1e-06,1
SeqQC-Former,FN,9:134682161:T:C,9,134682161,T,C,1e-06,1
SeqQC-Former,FN,7:156681583:C:A,7,156681583,C,A,1e-06,1
SeqQC-Former,FN,11:39263501:A:C,11,39263501,A,C,1e-06,1
SeqQC-Former,FN,1:48903925:AGAAGAGTAAACTGTAGATGAAGAAAAGCTAAACACCT:A,1,48903925,AGAAGAGTAAACTGTAGATGAAGAAAAGCTAAACACCT,A,1e-06,1
SeqQC-Former,FN,15:61251752:TA:T,15,61251752,TA,T,2e-06,1
SeqQC-Former,FN,7:143957580:G:A,7,143957580,G,A,2e-06,1
SeqQC-Former,FN,17:60318712:C:G,17,60318712,C,G,2e-06,1
SeqQC-Former,FN,15:56795903:C:A,15,56795903,C,A,2e-06,1
SeqQC-Former,FN,5:150176075:C:G,5,150176075,C,G,2e-06,1
Mutect2,FP,12:49526215:G:A,12,49526215,G,A,1.0,0
Mutect2,FP,3:38603900:G:A,3,38603900,G,A,1.0,0
Mutect2,FP,5:141151943:G:A,5,141151943,G,A,1.0,0
Mutect2,FP,1:18840032:C:T,1,18840032,C,T,1.0,0
Mutect2,FP,3:157413916:C:T,3,157413916,C,T,1.0,0
Mutect2,FP,20:3259962:G:A,20,3259962,G,A,1.0,0
Mutect2,FP,12:53115489:G:A,12,53115489,G,A,1.0,0
Mutect2,FP,11:120229031:G:A,11,120229031,G,A,1.0,0
Mutect2,FP,17:41440218:G:A,17,41440218,G,A,1.0,0
Mutect2,FP,9:111383231:C:T,9,111383231,C,T,1.0,0
Mutect2,FP,7:30911996:C:T,7,30911996,C,T,1.0,0
Mutect2,FP,10:123798082:C:T,10,123798082,C,T,1.0,0
Mutect2,FP,19:1005286:C:T,19,1005286,C,T,1.0,0
Mutect2,FP,17:7675088:C:T,17,7675088,C,T,1.0,0
Mutect2,FP,11:63511758:C:T,11,63511758,C,T,0.0,0
Mutect2,FP,11:62835796:C:A,11,62835796,C,A,0.0,0
Mutect2,FP,11:62738326:G:T,11,62738326,G,T,0.0,0
Mutect2,FP,11:64256664:G:T,11,64256664,G,T,0.0,0
Mutect2,FP,11:62753572:A:G,11,62753572,A,G,0.0,0
Mutect2,FP,11:62782116:A:C,11,62782116,A,C,0.0,0
Mutect2,FN,1:2054154:T:TA,1,2054154,T,TA,0.0,1
Mutect2,FN,10:86395339:G:A,10,86395339,G,A,0.0,1
Mutect2,FN,10:86536531:C:T,10,86536531,C,T,0.0,1
Mutect2,FN,10:86675779:C:T,10,86675779,C,T,0.0,1
Mutect2,FN,10:86925940:G:T,10,86925940,G,T,0.0,1
Mutect2,FN,10:86939272:G:C,10,86939272,G,C,0.0,1
Mutect2,FN,10:86950335:G:C,10,86950335,G,C,0.0,1
Mutect2,FN,10:86998021:C:A,10,86998021,C,A,0.0,1
Mutect2,FN,10:87124560:G:C,10,87124560,G,C,0.0,1
Mutect2,FN,10:87384015:G:A,10,87384015,G,A,0.0,1
Mutect2,FN,10:87556600:T:G,10,87556600,T,G,0.0,1
Mutect2,FN,10:87629307:A:T,10,87629307,A,T,0.0,1
Mutect2,FN,10:87635258:A:C,10,87635258,A,C,0.0,1
Mutect2,FN,10:87678136:A:G,10,87678136,A,G,0.0,1
Mutect2,FN,10:87818272:C:G,10,87818272,C,G,0.0,1
Mutect2,FN,10:87840023:T:C,10,87840023,T,C,0.0,1
Mutect2,FN,10:86362295:C:T,10,86362295,C,T,0.0,1
Mutect2,FN,10:86353402:C:T,10,86353402,C,T,0.0,1
Mutect2,FN,10:86242884:T:A,10,86242884,T,A,0.0,1
Mutect2,FN,10:86170262:T:A,10,86170262,T,A,0.0,1
Strelka2,FP,16:57452863:G:A,16,57452863,G,A,1.0,0
Strelka2,FP,19:1005286:C:T,19,1005286,C,T,1.0,0
Strelka2,FP,10:123798082:C:T,10,123798082,C,T,1.0,0
Strelka2,FP,X:96884792:C:T,X,96884792,C,T,1.0,0
Strelka2,FP,7:19145263:C:T,7,19145263,C,T,1.0,0
Strelka2,FP,2:11160510:C:T,2,11160510,C,T,1.0,0
Strelka2,FP,3:157413916:C:T,3,157413916,C,T,1.0,0
Strelka2,FP,11:73873275:G:A,11,73873275,G,A,1.0,0
Strelka2,FP,5:83520761:G:T,5,83520761,G,T,1.0,0
Strelka2,FP,4:145514899:G:A,4,145514899,G,A,1.0,0
Strelka2,FP,12:39367129:C:A,12,39367129,C,A,1.0,0
Strelka2,FP,6:160032991:C:A,6,160032991,C,A,1.0,0
Strelka2,FP,20:2860074:C:T,20,2860074,C,T,1.0,0
Strelka2,FP,1:24929666:C:T,1,24929666,C,T,1.0,0
Strelka2,FP,3:132713257:G:A,3,132713257,G,A,1.0,0
Strelka2,FP,11:1250938:G:A,11,1250938,G,A,1.0,0
Strelka2,FP,17:47925433:C:A,17,47925433,C,A,1.0,0
Strelka2,FP,20:3259962:G:A,20,3259962,G,A,1.0,0
Strelka2,FP,7:74107072:G:A,7,74107072,G,A,1.0,0
Strelka2,FP,2:216116712:C:T,2,216116712,C,T,1.0,0
Strelka2,FN,1:2054154:T:TA,1,2054154,T,TA,0.0,1
Strelka2,FN,10:86170262:T:A,10,86170262,T,A,0.0,1
Strelka2,FN,10:86242884:T:A,10,86242884,T,A,0.0,1
Strelka2,FN,10:86353402:C:T,10,86353402,C,T,0.0,1
Strelka2,FN,10:86362295:C:T,10,86362295,C,T,0.0,1
Strelka2,FN,10:86395339:G:A,10,86395339,G,A,0.0,1
Strelka2,FN,10:86536531:C:T,10,86536531,C,T,0.0,1
Strelka2,FN,10:86675779:C:T,10,86675779,C,T,0.0,1
Strelka2,FN,10:86925940:G:T,10,86925940,G,T,0.0,1
Strelka2,FN,10:86939272:G:C,10,86939272,G,C,0.0,1
Strelka2,FN,10:86950335:G:C,10,86950335,G,C,0.0,1
Strelka2,FN,10:86998021:C:A,10,86998021,C,A,0.0,1
Strelka2,FN,10:87124560:G:C,10,87124560,G,C,0.0,1
Strelka2,FN,10:87384015:G:A,10,87384015,G,A,0.0,1
Strelka2,FN,10:87556600:T:G,10,87556600,T,G,0.0,1
Strelka2,FN,10:87629307:A:T,10,87629307,A,T,0.0,1
Strelka2,FN,10:86017895:G:T,10,86017895,G,T,0.0,1
Strelka2,FN,10:86016797:C:A,10,86016797,C,A,0.0,1
Strelka2,FN,10:86009126:T:C,10,86009126,T,C,0.0,1
Strelka2,FN,10:85779743:G:A,10,85779743,G,A,0.0,1
